Date,Adj Close,Close,High,Low,Open,Volume
,META,META,META,META,META,META
2022-12-15,115.80133819580078,116.1500015258789,118.62999725341797,114.01000213623047,118.33000183105469,34531000
2022-12-16,119.07148742675781,119.43000030517578,123.30999755859375,118.81999969482422,120.2300033569336,67064000
2022-12-19,114.1363525390625,114.4800033569336,117.80000305175781,114.33000183105469,116.83000183105469,29769900
2022-12-20,116.73851013183594,117.08999633789062,117.33000183105469,112.45999908447266,113.26000213623047,28742500
2022-12-21,119.40050506591797,119.76000213623047,120.33999633789062,115.62000274658203,116.69999694824219,20392800
2022-12-22,116.76842498779297,117.12000274658203,118.62000274658203,114.37999725341797,117.19999694824219,23618100
2022-12-23,117.6856689453125,118.04000091552734,118.18000030517578,115.54000091552734,116.02999877929688,17796600
2022-12-27,116.52914428710938,116.87999725341797,118.5999984741211,116.05000305175781,117.93000030517578,21392300
2022-12-28,115.27293395996094,115.62000274658203,118.1500015258789,115.51000213623047,116.25,19612500
2022-12-29,119.89900207519531,120.26000213623047,121.02999877929688,115.7699966430664,116.4000015258789,22366200
2022-12-30,119.97875213623047,120.33999633789062,120.41999816894531,117.73999786376953,118.16000366210938,19583800
2023-01-03,124.36554718017578,124.73999786376953,126.37000274658203,122.27999877929688,122.81999969482422,35528500
2023-01-04,126.98766326904297,127.37000274658203,129.0500030517578,125.8499984741211,127.37999725341797,32397100
2023-01-05,126.55894470214844,126.94000244140625,128.52000427246094,124.54000091552734,126.12999725341797,25447100
2023-01-06,129.62969970703125,130.02000427246094,130.3300018310547,126.04000091552734,128.97000122070312,27584500
2023-01-09,129.08135986328125,129.47000122070312,132.9499969482422,129.27999877929688,131.16000366210938,26649100
2023-01-10,132.59078979492188,132.99000549316406,133.44000244140625,127.1500015258789,127.2699966430664,28684400
2023-01-11,132.49107360839844,132.88999938964844,133.85000610351562,130.33999633789062,130.9600067138672,25423000
2023-01-12,136.29962158203125,136.7100067138672,137.67999267578125,131.75999450683594,133.44000244140625,30757700
2023-01-13,136.5688018798828,136.97999572753906,137.38999938964844,134.83999633789062,134.97000122070312,22423800
2023-01-17,134.95367431640625,135.36000061035156,136.75,134.25,136.17999267578125,21147600
2023-01-18,132.62069702148438,133.02000427246094,137.25,132.8000030517578,135.80999755859375,20215500
2023-01-19,135.74130249023438,136.14999389648438,137.4499969482422,132.13999938964844,132.49000549316406,28625200
2023-01-20,138.95162963867188,139.3699951171875,139.94000244140625,134.61000061035156,135.88999938964844,28688600
2023-01-23,142.83993530273438,143.27000427246094,143.75999450683594,138.66000366210938,139.2899932861328,27470100
2023-01-24,142.71031188964844,143.13999938964844,145.0,141.36000061035156,141.69000244140625,21970200
2023-01-25,141.07522583007812,141.5,143.1699981689453,140.30999755859375,141.22000122070312,26622000
2023-01-26,146.85781860351562,147.3000030517578,147.50999450683594,143.3000030517578,144.39999389648438,25482100
2023-01-27,151.2845001220703,151.74000549316406,153.19000244140625,147.38999938964844,148.24000549316406,35771900
2023-01-30,146.61854553222656,147.05999755859375,151.1199951171875,146.9499969482422,149.41000366210938,28040100
2023-01-31,148.52281188964844,148.97000122070312,149.8800048828125,147.52000427246094,147.9499969482422,29842100
2023-02-01,152.6603546142578,153.1199951171875,153.5800018310547,147.05999755859375,148.02999877929688,55661000
2023-02-02,188.20335388183594,188.77000427246094,197.16000366210938,180.16000366210938,183.3800048828125,150475700
2023-02-03,185.97006225585938,186.52999877929688,196.77000427246094,182.88999938964844,183.47000122070312,76809700
2023-02-06,185.50148010253906,186.05999755859375,190.6999969482422,185.52000427246094,186.52999877929688,42483800
2023-02-07,191.04478454589844,191.6199951171875,193.77999877929688,184.39999389648438,185.5800018310547,47080700
2023-02-08,182.87936401367188,183.42999267578125,190.8300018310547,182.9199981689453,190.0,36139100
2023-02-09,177.38592529296875,177.9199981689453,186.64999389648438,177.27000427246094,186.1300048828125,37118800
2023-02-10,173.62721252441406,174.14999389648438,178.88999938964844,173.35000610351562,176.35000610351562,33433600
2023-02-13,178.89138793945312,179.42999267578125,181.0,175.82000732421875,178.22000122070312,31463200
2023-02-14,178.94122314453125,179.47999572753906,181.50999450683594,175.8800048828125,177.16000366210938,24034600
2023-02-15,176.62818908691406,177.16000366210938,178.19000244140625,175.3300018310547,176.4199981689453,25308900
2023-02-16,171.92236328125,172.44000244140625,175.85000610351562,171.7899932861328,172.75,25827500
2023-02-17,172.36105346679688,172.8800048828125,173.17999267578125,169.6999969482422,170.22000122070312,24171300
2023-02-21,171.56344604492188,172.0800018310547,178.1699981689453,171.8800048828125,174.30999755859375,34592600
2023-02-22,170.6063232421875,171.1199951171875,172.75999450683594,169.69000244140625,171.07000732421875,22433200
2023-02-23,171.5235595703125,172.0399932861328,173.69000244140625,169.3800048828125,172.0,20017800
2023-02-24,169.87852478027344,170.38999938964844,170.72000122070312,167.66000366210938,168.63999938964844,19791300
2023-02-27,169.03106689453125,169.5399932861328,173.1199951171875,169.05999755859375,171.8800048828125,19277000
2023-02-28,174.4148712158203,174.94000244140625,177.5500030517578,171.8699951171875,171.89999389648438,46051100
2023-03-01,172.89942932128906,173.4199981689453,177.85000610351562,173.0500030517578,174.58999633789062,30998400
2023-03-02,174.00608825683594,174.52999877929688,175.00999450683594,171.42999267578125,172.3800048828125,17352000
2023-03-03,184.6938934326172,185.25,186.6199951171875,177.0500030517578,178.9199981689453,45877700
2023-03-06,184.34495544433594,184.89999389648438,189.66000366210938,184.63999938964844,188.0,33209400
2023-03-07,183.9561309814453,184.50999450683594,190.36000061035156,184.00999450683594,189.0,36701500
2023-03-08,184.4147491455078,184.97000122070312,185.25999450683594,181.33999633789062,182.8699951171875,19432400
2023-03-09,181.14459228515625,181.69000244140625,188.92999267578125,180.3000030517578,186.35000610351562,26582800
2023-03-10,178.9711456298828,179.50999450683594,184.77000427246094,178.8000030517578,181.00999450683594,25665000
2023-03-13,180.35696411132812,180.89999389648438,183.77999877929688,174.82000732421875,177.9600067138672,24728000
2023-03-14,193.4375762939453,194.02000427246094,194.32000732421875,186.55999755859375,187.5800018310547,41642600
2023-03-15,197.1563720703125,197.75,197.77999877929688,190.83999633789062,192.9499969482422,42123600
2023-03-16,204.3148193359375,204.92999267578125,205.75999450683594,196.08999633789062,198.25999450683594,50447100
2023-03-17,195.02281188964844,195.61000061035156,201.89999389648438,195.42999267578125,200.55999755859375,50141100
2023-03-20,197.21620178222656,197.80999755859375,199.36000061035156,193.63999938964844,198.47999572753906,25186300
2023-03-21,201.5531463623047,202.16000366210938,203.5500030517578,197.9499969482422,203.1999969482422,31827000
2023-03-22,199.210205078125,199.80999755859375,207.3699951171875,199.6699981689453,202.5,28477800
2023-03-23,203.6667938232422,204.27999877929688,207.8800048828125,202.14999389648438,202.83999633789062,27389700
2023-03-24,205.39157104492188,206.00999450683594,207.5800018310547,203.5500030517578,205.17999267578125,27716400
2023-03-27,202.23110961914062,202.83999633789062,205.86000061035156,201.36000061035156,204.80999755859375,18527200
2023-03-28,200.0775909423828,200.67999267578125,201.02999877929688,197.89999389648438,200.14999389648438,19127300
2023-03-29,204.7335662841797,205.35000610351562,205.72000122070312,202.5399932861328,203.55999755859375,18851100
2023-03-30,207.21609497070312,207.83999633789062,208.08999633789062,202.82000732421875,203.3800048828125,22608300
2023-03-31,211.3037872314453,211.94000244140625,212.1699981689453,206.77000427246094,207.24000549316406,25440300
2023-04-03,212.43040466308594,213.07000732421875,213.49000549316406,208.1999969482422,208.83999633789062,17924600
2023-04-04,214.075439453125,214.72000122070312,216.24000549316406,212.5399932861328,213.38999938964844,21026400
2023-04-05,210.8451690673828,211.47999572753906,215.19000244140625,209.94000244140625,214.14999389648438,19396600
2023-04-06,215.4512939453125,216.10000610351562,216.94000244140625,208.64999389648438,209.25,26104400
2023-04-10,214.1053466796875,214.75,215.66000366210938,210.66000366210938,214.7100067138672,16106100
2023-04-11,213.20806884765625,213.85000610351562,216.02000427246094,213.41000366210938,215.47999572753906,16710100
2023-04-12,213.35760498046875,214.0,216.83999633789062,212.5800018310547,214.83999633789062,18972200
2023-04-13,219.68853759765625,220.35000610351562,221.14999389648438,215.69000244140625,215.72999572753906,23310400
2023-04-14,220.8251190185547,221.49000549316406,222.11000061035156,217.5500030517578,217.8800048828125,21591200
2023-04-17,218.20301818847656,218.86000061035156,220.97999572753906,217.1300048828125,219.7899932861328,15481900
2023-04-18,217.23593139648438,217.88999938964844,220.44000244140625,216.2100067138672,219.91000366210938,12281000
2023-04-19,215.052490234375,215.6999969482422,217.3300018310547,212.92999267578125,213.47000122070312,15898100
2023-04-20,212.43040466308594,213.07000732421875,216.75,212.77000427246094,213.47999572753906,16475400
2023-04-21,212.2509307861328,212.88999938964844,213.41000366210938,209.5800018310547,210.2100067138672,17717200
2023-04-24,212.15122985839844,212.7899932861328,213.9199981689453,210.7100067138672,213.67999267578125,15750900
2023-04-25,206.92697143554688,207.5500030517578,211.25999450683594,207.1300048828125,210.82000732421875,19198200
2023-04-26,208.77142333984375,209.39999389648438,214.11000061035156,208.8800048828125,212.5,41992700
2023-04-27,237.8438720703125,238.55999755859375,241.69000244140625,236.77000427246094,239.88999938964844,71196500
2023-04-28,239.59860229492188,240.32000732421875,240.42999267578125,235.75,239.00999450683594,39554000
2023-05-01,242.4499969482422,243.17999267578125,244.0,236.4600067138672,238.6199951171875,29143900
2023-05-02,238.5218505859375,239.24000549316406,244.9199981689453,238.99000549316406,243.17999267578125,24350100
2023-05-03,236.3184814453125,237.02999877929688,241.75,232.75,239.47000122070312,34463900
2023-05-04,232.8190155029297,233.52000427246094,238.1999969482422,232.92999267578125,236.05999755859375,17889400
2023-05-05,232.08123779296875,232.77999877929688,234.67999267578125,229.85000610351562,232.24000549316406,26978900
2023-05-08,232.56976318359375,233.27000427246094,235.6199951171875,230.27000427246094,231.4199981689453,16400500
2023-05-09,232.66946411132812,233.3699951171875,235.8800048828125,231.0800018310547,231.4600067138672,16865600
2023-05-10,232.3803253173828,233.0800018310547,236.75,230.72000122070312,236.1699981689453,19119000
2023-05-11,235.0821990966797,235.7899932861328,238.2100067138672,232.3000030517578,233.0500030517578,20449000
2023-05-12,233.10812377929688,233.80999755859375,236.9600067138672,231.4499969482422,236.74000549316406,16155300
2023-05-15,238.14297485351562,238.86000061035156,240.25999450683594,235.3300018310547,236.9199981689453,20653200
2023-05-16,238.1031036376953,238.82000732421875,239.63999938964844,235.52000427246094,235.7899932861328,18163800
2023-05-17,241.7620849609375,242.49000549316406,243.83999633789062,238.13999938964844,238.4499969482422,21193100
2023-05-18,246.1090087890625,246.85000610351562,247.08999633789062,241.19000244140625,241.3000030517578,22943300
2023-05-19,244.9026336669922,245.63999938964844,248.69000244140625,243.41000366210938,247.47000122070312,21599800
2023-05-22,247.5745849609375,248.32000732421875,253.57000732421875,245.1199951171875,245.41000366210938,27738500
2023-05-23,245.99932861328125,246.74000549316406,251.61000061035156,246.64999389648438,246.80999755859375,17748100
2023-05-24,248.46192932128906,249.2100067138672,249.58999633789062,244.9499969482422,245.27999877929688,17724300
2023-05-25,251.93145751953125,252.69000244140625,255.6199951171875,249.1699981689453,253.39999389648438,22371400
2023-05-26,261.2533874511719,262.0400085449219,262.30999755859375,252.7100067138672,252.92999267578125,25727200
2023-05-30,261.7319641113281,262.5199890136719,268.6499938964844,261.2900085449219,265.25,23816500
2023-05-31,263.9253234863281,264.7200012207031,265.0,258.45001220703125,260.0,25473700
2023-06-01,271.7916259765625,272.6099853515625,274.0,265.8900146484375,265.8999938964844,25609500
2023-06-02,271.7916259765625,272.6099853515625,275.3500061035156,271.1199951171875,272.6600036621094,19405300
2023-06-05,270.5753173828125,271.3900146484375,275.57000732421875,269.55999755859375,270.29998779296875,20742900
2023-06-06,270.30615234375,271.1199951171875,276.57000732421875,269.69000244140625,270.1400146484375,19419000
2023-06-07,262.8087158203125,263.6000061035156,274.25,262.79998779296875,271.6700134277344,26163600
2023-06-08,263.7857666015625,264.5799865722656,267.6499938964844,258.8800048828125,260.6199951171875,20899400
2023-06-09,264.1546630859375,264.95001220703125,267.95001220703125,261.70001220703125,262.4800109863281,16938500
2023-06-12,270.236328125,271.04998779296875,271.75,265.3299865722656,267.1700134277344,15442500
2023-06-13,270.50555419921875,271.32000732421875,275.7200012207031,269.0899963378906,274.8800048828125,16164000
2023-06-14,272.5294189453125,273.3500061035156,274.989990234375,268.32000732421875,271.8900146484375,19175100
2023-06-15,280.9839782714844,281.8299865722656,283.989990234375,271.4200134277344,272.29998779296875,25973500
2023-06-16,280.156494140625,281.0,287.8500061035156,280.1300048828125,284.75,43102500
2023-06-20,283.4764709472656,284.3299865722656,284.79998779296875,276.2200012207031,278.7300109863281,20701600
2023-06-21,280.79461669921875,281.6400146484375,284.0,278.3599853515625,283.5299987792969,20556200
2023-06-22,284.0248107910156,284.8800048828125,285.260009765625,277.7900085449219,279.0799865722656,17563100
2023-06-23,287.86328125,288.7300109863281,289.6700134277344,278.95001220703125,281.510009765625,50988400
2023-06-26,277.6340637207031,278.4700012207031,289.7900085449219,277.6000061035156,288.70001220703125,24232700
2023-06-27,286.1883239746094,287.04998779296875,289.3500061035156,280.6499938964844,282.010009765625,26108300
2023-06-28,284.4336242675781,285.2900085449219,289.54998779296875,284.05999755859375,284.82000732421875,16722100
2023-06-29,280.68487548828125,281.5299987792969,286.57000732421875,280.69000244140625,284.5,15395700
2023-06-30,286.1185302734375,286.9800109863281,289.04998779296875,284.4200134277344,284.760009765625,19676000
2023-07-03,285.161376953125,286.0199890136719,289.3999938964844,284.8500061035156,286.70001220703125,8629300
2023-07-05,293.486328125,294.3699951171875,298.1199951171875,286.3599853515625,287.6499938964844,33865500
2023-07-06,291.1134948730469,291.989990234375,298.1199951171875,291.30999755859375,295.8900146484375,47600500
2023-07-07,289.6578674316406,290.5299987792969,296.20001220703125,288.6600036621094,292.17999267578125,25546200
2023-07-10,293.2171630859375,294.1000061035156,298.1300048828125,287.04998779296875,295.54998779296875,37058300
2023-07-11,297.3945617675781,298.2900085449219,300.17999267578125,291.8999938964844,293.8999938964844,27585900
2023-07-12,308.411376953125,309.3399963378906,309.45001220703125,300.1000061035156,301.75,36677100
2023-07-13,312.46917724609375,313.4100036621094,316.239990234375,310.2900085449219,313.6199951171875,30281000
2023-07-14,307.94281005859375,308.8699951171875,314.8800048828125,307.3599853515625,311.7900085449219,22576000
2023-07-17,309.68756103515625,310.6199951171875,311.7099914550781,304.7099914550781,307.5400085449219,25323100
2023-07-18,311.1132507324219,312.04998779296875,314.20001220703125,307.6199951171875,310.8800048828125,20764600
2023-07-19,315.0614013671875,316.010009765625,318.67999267578125,310.5199890136719,313.0299987792969,21763700
2023-07-20,301.6118469238281,302.5199890136719,315.5400085449219,302.2200012207031,313.5,23836900
2023-07-21,293.3766784667969,294.260009765625,305.4599914550781,291.20001220703125,304.57000732421875,42089700
2023-07-24,290.734619140625,291.6099853515625,297.5199890136719,288.29998779296875,295.7799987792969,24915700
2023-07-25,293.5860290527344,294.4700012207031,298.29998779296875,291.8599853515625,295.19000244140625,19585600
2023-07-26,297.6737365722656,298.57000732421875,301.7699890136719,291.8999938964844,301.19000244140625,47256900
2023-07-27,310.7742614746094,311.7099914550781,325.3500061035156,309.8399963378906,325.1199951171875,64229200
2023-07-28,324.50299072265625,325.4800109863281,326.20001220703125,314.25,316.8800048828125,39220300
2023-07-31,317.6436462402344,318.6000061035156,325.6600036621094,317.5899963378906,323.69000244140625,25799600
2023-08-01,321.7412414550781,322.7099914550781,324.1400146484375,314.6600036621094,317.5400085449219,22817900
2023-08-02,313.3664855957031,314.30999755859375,318.3900146484375,310.6499938964844,318.0,20461100
2023-08-03,312.2498474121094,313.19000244140625,315.95001220703125,309.92999267578125,309.92999267578125,15180200
2023-08-04,309.7972412109375,310.7300109863281,318.4100036621094,310.20001220703125,314.9599914550781,17600200
2023-08-07,315.6097412109375,316.55999755859375,317.07000732421875,310.4599914550781,313.2300109863281,16236500
2023-08-08,311.7015075683594,312.6400146484375,317.8900146484375,310.1099853515625,314.3999938964844,15183500
2023-08-09,304.2937927246094,305.2099914550781,313.6300048828125,302.8500061035156,312.8800048828125,19955800
2023-08-10,304.8222351074219,305.739990234375,312.3399963378906,303.8699951171875,307.94000244140625,14358900
2023-08-11,300.73455810546875,301.6400146484375,304.7200012207031,300.3599853515625,302.57000732421875,13967800
2023-08-14,305.2708740234375,306.19000244140625,306.2099914550781,298.25,300.9800109863281,15641900
2023-08-15,301.0436096191406,301.95001220703125,307.2300109863281,300.0299987792969,306.1400146484375,11623600
2023-08-16,293.4065856933594,294.2900085449219,301.0799865722656,294.2799987792969,300.20001220703125,18547700
2023-08-17,284.2342224121094,285.0899963378906,296.04998779296875,284.95001220703125,293.04998779296875,23950100
2023-08-18,282.39971923828125,283.25,285.69000244140625,274.3800048828125,279.0299987792969,34061200
2023-08-21,289.02978515625,289.8999938964844,290.5,281.8500061035156,283.45001220703125,20181500
2023-08-22,286.7366943359375,287.6000061035156,292.8999938964844,286.75,292.54998779296875,12999900
2023-08-23,293.3567199707031,294.239990234375,297.3999938964844,287.6700134277344,288.5,18287000
2023-08-24,285.88922119140625,286.75,299.4599914550781,286.6400146484375,298.5,18360900
2023-08-25,284.6429443359375,285.5,288.3900146484375,276.0299987792969,286.1300048828125,23701400
2023-08-28,289.3887023925781,290.260009765625,291.45001220703125,285.79998779296875,288.0,14239300
2023-08-29,297.095458984375,297.989990234375,299.1499938964844,288.17999267578125,288.5799865722656,20844500
2023-08-30,294.21417236328125,295.1000061035156,298.2900085449219,293.42999267578125,297.1700134277344,17717000
2023-08-31,295.0018005371094,295.8900146484375,301.1000061035156,295.6600036621094,295.79998779296875,17229900
2023-09-01,295.4903259277344,296.3800048828125,301.739990234375,294.4700012207031,299.3699951171875,12819800
2023-09-05,299.2489929199219,300.1499938964844,301.3900146484375,295.510009765625,297.0199890136719,14956000
2023-09-06,298.27197265625,299.1700134277344,303.29998779296875,295.6600036621094,301.7099914550781,15418100
2023-09-07,297.7734375,298.6700134277344,307.04998779296875,292.2200012207031,298.0,33748700
2023-09-08,296.99578857421875,297.8900146484375,305.25,296.7799987792969,299.2200012207031,17548000
2023-09-11,306.6367492675781,307.55999755859375,309.0400085449219,301.2799987792969,301.4100036621094,19489300
2023-09-12,300.75445556640625,301.6600036621094,308.6600036621094,300.2300109863281,306.3299865722656,13480400
2023-09-13,304.1442565917969,305.05999755859375,307.17999267578125,301.32000732421875,302.3599853515625,13210900
2023-09-14,310.7842712402344,311.7200012207031,312.8699951171875,305.0299987792969,306.739990234375,19343100
2023-09-15,299.40850830078125,300.30999755859375,312.0,298.75,311.6099853515625,28106400
2023-09-18,301.6417541503906,302.54998779296875,303.6000061035156,297.79998779296875,298.19000244140625,14234200
2023-09-19,304.1542663574219,305.07000732421875,306.1700134277344,299.80999755859375,302.4800109863281,15924400
2023-09-20,298.77044677734375,299.6700134277344,308.05999755859375,299.42999267578125,305.04998779296875,19379500
2023-09-21,294.84228515625,295.7300109863281,300.260009765625,293.2699890136719,295.70001220703125,21300500
2023-09-22,298.18218994140625,299.0799865722656,305.3800048828125,298.2699890136719,299.29998779296875,25369600
2023-09-25,299.92694091796875,300.8299865722656,300.95001220703125,293.70001220703125,295.6400146484375,18987000
2023-09-26,298.06256103515625,298.9599914550781,300.29998779296875,296.010009765625,297.6600036621094,19417200
2023-09-27,296.84619140625,297.739990234375,301.29998779296875,286.7900085449219,300.45001220703125,36429800
2023-09-28,303.04754638671875,303.9599914550781,306.3299865722656,296.70001220703125,298.94000244140625,22167100
2023-09-29,299.3088073730469,300.2099914550781,310.6400146484375,299.3599853515625,307.3800048828125,25356600
2023-10-02,305.89898681640625,306.82000732421875,307.17999267578125,301.6300048828125,302.739990234375,16265600
2023-10-03,300.03662109375,300.94000244140625,306.7699890136719,299.6400146484375,304.260009765625,17362300
2023-10-04,304.6626892089844,305.5799865722656,306.8999938964844,298.5,298.7300109863281,16880500
2023-10-05,303.8750915527344,304.7900085449219,306.2099914550781,299.5,304.6300048828125,19130000
2023-10-06,314.4831237792969,315.42999267578125,316.30999755859375,300.9100036621094,301.44000244140625,21784000
2023-10-09,317.404296875,318.3599853515625,320.3299865722656,311.82000732421875,312.5,22503700
2023-10-10,320.8738708496094,321.8399963378906,324.6600036621094,318.1600036621094,319.1199951171875,19038000
2023-10-11,326.8359680175781,327.82000732421875,328.8399963378906,322.95001220703125,323.010009765625,22036300
2023-10-12,323.1869201660156,324.1600036621094,330.5400085449219,322.69000244140625,328.0,20530500
2023-10-13,313.745361328125,314.69000244140625,325.04998779296875,312.3699951171875,323.5299987792969,21341000
2023-10-16,320.1859436035156,321.1499938964844,321.82000732421875,315.5199890136719,318.6400146484375,16536100
2023-10-17,323.02740478515625,324.0,324.3999938964844,317.29998779296875,318.17999267578125,16387800
2023-10-18,316.01849365234375,316.9700012207031,325.94000244140625,315.55999755859375,321.3900146484375,16851000
2023-10-19,311.8710021972656,312.80999755859375,321.8900146484375,311.75,319.8800048828125,18709200
2023-10-20,307.72344970703125,308.6499938964844,315.29998779296875,306.4700012207031,314.1400146484375,22287400
2023-10-23,313.0674133300781,314.010009765625,317.3599853515625,307.260009765625,309.5,17796800
2023-10-24,311.61175537109375,312.54998779296875,318.3500061035156,310.6300048828125,316.7799987792969,19525500
2023-10-25,298.6308288574219,299.5299987792969,310.8800048828125,298.8399963378906,310.0,42192500
2023-10-26,287.4844055175781,288.3500061035156,295.0,279.3999938964844,295.0,66684100
2023-10-27,295.8392639160156,296.7300109863281,299.30999755859375,292.9700012207031,294.4800109863281,29596300
2023-10-30,301.75146484375,302.6600036621094,309.3999938964844,299.04998779296875,299.0899963378906,28435100
2023-10-31,300.3656311035156,301.2699890136719,303.67999267578125,296.8599853515625,303.30999755859375,19434200
2023-11-01,310.91387939453125,311.8500061035156,312.739990234375,301.8500061035156,301.8500061035156,20434600
2023-11-02,309.9367980957031,310.8699951171875,318.82000732421875,308.3299865722656,317.29998779296875,21631800
2023-11-03,313.6556091308594,314.6000061035156,315.54998779296875,311.0199890136719,312.54998779296875,16754100
2023-11-06,314.8520202636719,315.79998779296875,318.3299865722656,314.45001220703125,315.9800109863281,12887700
2023-11-07,317.86297607421875,318.82000732421875,321.0,315.1199951171875,317.05999755859375,14055600
2023-11-08,318.820068359375,319.7799987792969,321.3299865722656,314.8800048828125,318.1400146484375,13609700
2023-11-09,319.5877380371094,320.54998779296875,324.17999267578125,318.79998779296875,319.4200134277344,16103100
2023-11-10,327.7830810546875,328.7699890136719,329.1000061035156,319.4599914550781,319.94000244140625,19096200
2023-11-13,328.2018127441406,329.19000244140625,332.3299865722656,325.70001220703125,326.20001220703125,16908900
2023-11-14,335.3004455566406,336.30999755859375,338.1000061035156,333.3299865722656,334.5400085449219,17179400
2023-11-15,331.71124267578125,332.7099914550781,338.3999938964844,330.0199890136719,337.92999267578125,14531200
2023-11-16,333.1867980957031,334.19000244140625,334.5799865722656,326.3800048828125,329.3699951171875,18932600
2023-11-17,334.0342712402344,335.0400085449219,335.5,329.3500061035156,330.260009765625,14494400
2023-11-20,338.9494934082031,339.9700012207031,341.8699951171875,334.19000244140625,334.8900146484375,16960500
2023-11-21,335.9684753417969,336.9800109863281,339.8999938964844,335.8999938964844,338.3299865722656,12027900
2023-11-22,340.4648742675781,341.489990234375,342.9200134277344,338.5799865722656,339.2099914550781,10702700
2023-11-24,337.2146911621094,338.2300109863281,341.8599853515625,336.7699890136719,340.1300048828125,5467500
2023-11-27,333.6952819824219,334.70001220703125,339.8999938964844,334.20001220703125,336.17999267578125,15684500
2023-11-28,337.9723815917969,338.989990234375,339.3800048828125,333.3999938964844,333.3999938964844,12637200
2023-11-29,331.20281982421875,332.20001220703125,339.8999938964844,330.7799987792969,339.69000244140625,16024500
2023-11-30,326.1679382324219,327.1499938964844,333.5,322.3999938964844,331.8900146484375,23146400
2023-12-01,323.8449401855469,324.82000732421875,326.8599853515625,320.760009765625,325.4800109863281,15264700
2023-12-04,319.0593566894531,320.0199890136719,320.8599853515625,313.6600036621094,317.2900085449219,19037100
2023-12-05,317.3345642089844,318.2900085449219,321.8800048828125,315.3900146484375,318.9800109863281,16952100
2023-12-06,316.4970703125,317.45001220703125,322.25,317.0400085449219,321.92999267578125,11294300
2023-12-07,325.609619140625,326.5899963378906,328.239990234375,317.7699890136719,317.7699890136719,15905100
2023-12-08,331.7511291503906,332.75,333.1700134277344,323.0,323.0899963378906,14077500
2023-12-11,324.3035583496094,325.2799987792969,329.8900146484375,320.0,329.3999938964844,25802500
2023-12-12,333.2167053222656,334.2200012207031,334.4700012207031,324.55999755859375,324.6000061035156,18485500
2023-12-13,333.7351379394531,334.739990234375,338.3699951171875,332.6400146484375,333.92999267578125,16353300
2023-12-14,332.1698913574219,333.1700134277344,334.70001220703125,328.6400146484375,333.8500061035156,19607300
2023-12-15,333.91461181640625,334.9200134277344,338.6600036621094,331.2200012207031,331.989990234375,30001600
2023-12-18,343.58551025390625,344.6199951171875,347.55999755859375,337.0199890136719,337.4800109863281,18993900
2023-12-19,349.30828857421875,350.3599853515625,353.6000061035156,345.1199951171875,345.5799865722656,17729400
2023-12-20,348.23150634765625,349.2799987792969,354.9599914550781,347.7900085449219,348.6499938964844,16369900
2023-12-21,353.0270690917969,354.0899963378906,356.4100036621094,349.2099914550781,352.9800109863281,15289600
2023-12-22,352.3291931152344,353.3900146484375,357.20001220703125,351.2200012207031,355.5799865722656,11764200
2023-12-26,353.7648620605469,354.8299865722656,356.9800109863281,353.45001220703125,354.989990234375,9898600
2023-12-27,356.7558288574219,357.8299865722656,359.0,355.30999755859375,356.07000732421875,13207900
2023-12-28,357.2443542480469,358.32000732421875,361.8999938964844,357.80999755859375,359.70001220703125,11798800
2023-12-29,352.8974609375,353.9599914550781,360.0,351.82000732421875,358.989990234375,14980500
2024-01-02,345.2505187988281,346.2900085449219,353.1600036621094,340.010009765625,351.32000732421875,19042200
2024-01-03,343.4359436035156,344.4700012207031,347.95001220703125,343.17999267578125,344.9800109863281,15451100
2024-01-04,346.0780029296875,347.1199951171875,348.1499938964844,343.3999938964844,344.5,12099900
2024-01-05,350.8935241699219,351.95001220703125,353.5,346.260009765625,346.989990234375,13920700
2024-01-08,357.5833740234375,358.6600036621094,358.9800109863281,352.04998779296875,354.70001220703125,13890200
2024-01-09,356.3570251464844,357.42999267578125,360.6400146484375,355.3599853515625,356.3999938964844,13463900
2024-01-10,369.3578796386719,370.4700012207031,372.94000244140625,359.0799865722656,360.1700134277344,22117200
2024-01-11,368.560302734375,369.6700134277344,372.7799987792969,362.92999267578125,372.1300048828125,17205400
2024-01-12,373.3658447265625,374.489990234375,377.05999755859375,369.5400085449219,370.1600036621094,19295700
2024-01-16,366.35693359375,367.4599914550781,375.6099853515625,367.2300109863281,373.6499938964844,15306900
2024-01-17,367.2641906738281,368.3699951171875,368.5400085449219,358.6099853515625,366.29998779296875,12724800
2024-01-18,375.0009460449219,376.1300048828125,376.8500061035156,370.95001220703125,371.489990234375,16354300
2024-01-19,382.2989501953125,383.45001220703125,384.3599853515625,377.9700012207031,379.0,21470100
2024-01-22,380.6339416503906,381.7799987792969,390.3500061035156,381.1600036621094,387.95001220703125,17680500
2024-01-23,384.043701171875,385.20001220703125,388.3800048828125,382.0799865722656,384.6199951171875,15506100
2024-01-24,389.5271911621094,390.70001220703125,396.1499938964844,387.80999755859375,390.0,15698500
2024-01-25,391.999755859375,393.17999267578125,395.489990234375,385.6600036621094,390.1700134277344,15091100
2024-01-26,392.95684814453125,394.1400146484375,396.7900085449219,391.5899963378906,394.3500061035156,13163700
2024-01-29,399.816162109375,401.0199890136719,402.92999267578125,393.1000061035156,394.989990234375,18742400
2024-01-30,398.85906982421875,400.05999755859375,406.3599853515625,399.57000732421875,403.5899963378906,18614700
2024-01-31,388.9688720703125,390.1400146484375,398.0,387.1000061035156,389.0,20180800
2024-02-01,393.5949401855469,394.7799987792969,400.5,393.04998779296875,393.94000244140625,29727100
2024-02-02,473.56414794921875,474.989990234375,485.9599914550781,453.010009765625,459.6000061035156,84615500
2024-02-05,458.0309143066406,459.4100036621094,471.8999938964844,459.2200012207031,469.8800048828125,40832400
2024-02-06,453.35498046875,454.7200012207031,467.1199951171875,453.0,464.0,21655200
2024-02-07,468.18035888671875,469.5899963378906,471.5199890136719,456.17999267578125,458.0,23066000
2024-02-08,468.5891418457031,470.0,470.5899963378906,465.0299987792969,468.32000732421875,18815100
2024-02-09,466.70477294921875,468.1099853515625,473.5899963378906,467.4700012207031,472.95001220703125,18413100
2024-02-12,467.492431640625,468.8999938964844,479.1499938964844,466.5799865722656,468.19000244140625,19382000
2024-02-13,458.73876953125,460.1199951171875,467.8900146484375,455.0899963378906,456.8699951171875,20916600
2024-02-14,471.8592834472656,473.2799987792969,474.1099853515625,466.0899963378906,467.92999267578125,16858400
2024-02-15,482.5770263671875,484.0299987792969,488.6199951171875,472.2200012207031,475.2799987792969,24212300
2024-02-16,471.899169921875,473.32000732421875,478.9599914550781,469.2099914550781,478.1099853515625,23306500
2024-02-20,470.3338928222656,471.75,476.17999267578125,466.55999755859375,469.7200012207031,18015500
2024-02-21,467.1201477050781,468.0299987792969,469.0,461.7900085449219,466.5,12977100
2024-02-22,485.1849670410156,486.1300048828125,489.989990234375,476.05999755859375,480.239990234375,21625800
2024-02-23,483.08905029296875,484.0299987792969,494.3599853515625,482.3500061035156,488.04998779296875,18374300
2024-02-26,480.803466796875,481.739990234375,486.1400146484375,480.6000061035156,483.4700012207031,12101400
2024-02-27,486.1031494140625,487.04998779296875,487.2699890136719,479.9200134277344,479.9800109863281,10809600
2024-02-28,483.07904052734375,484.0199890136719,491.04998779296875,482.75,485.0,12715500
2024-02-29,489.17718505859375,490.1300048828125,491.70001220703125,482.6099853515625,488.44000244140625,17732000
2024-03-01,501.3235168457031,502.29998779296875,504.25,491.8500061035156,492.1099853515625,16273600
2024-03-04,497.22149658203125,498.19000244140625,504.4200134277344,496.4200134277344,503.0,12324100
2024-03-05,489.2669982910156,490.2200012207031,495.5799865722656,487.8900146484375,495.0,15325300
2024-03-06,495.1255798339844,496.0899963378906,502.9700012207031,494.2900085449219,497.6300048828125,11757900
2024-03-07,511.1943054199219,512.1900024414062,519.8499755859375,501.3800048828125,503.2799987792969,18586400
2024-03-08,504.9664306640625,505.95001220703125,523.5700073242188,499.3500061035156,514.1900024414062,18575200
2024-03-11,482.6498718261719,483.5899963378906,497.32000732421875,476.0,497.010009765625,20428300
2024-03-12,498.77850341796875,499.75,502.30999755859375,484.7300109863281,493.260009765625,15448200
2024-03-13,494.6065979003906,495.57000732421875,500.9800109863281,491.0299987792969,495.3900146484375,12090700
2024-03-14,490.8738708496094,491.8299865722656,501.3500061035156,488.1600036621094,500.260009765625,12620000
2024-03-15,483.1589050292969,484.1000061035156,491.8299865722656,481.29998779296875,489.010009765625,29141700
2024-03-18,496.0138854980469,496.9800109863281,497.4200134277344,486.80999755859375,491.9100036621094,11755300
2024-03-19,495.2752990722656,496.239990234375,496.6300048828125,481.2799987792969,488.1700134277344,10903100
2024-03-20,504.5372314453125,505.5199890136719,508.20001220703125,495.1700134277344,499.5,11711100
2024-03-21,506.7729187011719,507.760009765625,515.0399780273438,506.010009765625,514.7100219726562,9712500
2024-03-22,508.58935546875,509.5799865722656,509.9700012207031,504.3399963378906,507.0,8117000
2024-03-25,502.0420837402344,503.0199890136719,507.2200012207031,500.239990234375,505.7900085449219,8380600
2024-03-26,494.9259948730469,495.8900146484375,510.0,495.2099914550781,505.1300048828125,11205400
2024-03-27,492.8999328613281,493.8599853515625,499.8900146484375,488.07000732421875,499.29998779296875,9989700
2024-03-28,484.6360168457031,485.5799865722656,492.8900146484375,485.1499938964844,492.8399963378906,15212800
2024-04-01,490.3948059082031,491.3500061035156,497.42999267578125,481.7799987792969,487.20001220703125,9247000
2024-04-02,496.4031066894531,497.3699951171875,497.5299987792969,484.6499938964844,485.1000061035156,11081000
2024-04-03,505.7548828125,506.739990234375,507.239990234375,498.75,498.92999267578125,12099200
2024-04-04,509.9267883300781,510.9200134277344,530.0,510.5799865722656,516.4199829101562,26476300
2024-04-05,526.3148193359375,527.3400268554688,530.7000122070312,514.4099731445312,516.8599853515625,19242000
2024-04-08,518.2406005859375,519.25,531.489990234375,518.8900146484375,529.280029296875,13260600
2024-04-09,515.8951416015625,516.9000244140625,525.8699951171875,506.739990234375,522.22998046875,10881400
2024-04-10,518.8194580078125,519.8300170898438,522.5599975585938,505.79998779296875,509.2900085449219,11418500
2024-04-11,522.1429443359375,523.1599731445312,523.8599853515625,517.2899780273438,521.1099853515625,10369500
2024-04-12,510.90484619140625,511.8999938964844,520.1900024414062,509.3299865722656,517.75,11944900
2024-04-15,499.257568359375,500.2300109863281,518.530029296875,497.2799987792969,516.719970703125,13512900
2024-04-16,498.7884521484375,499.760009765625,504.7699890136719,497.1099853515625,498.1099853515625,9847900
2024-04-17,493.2093505859375,494.1700134277344,503.1600036621094,487.1400146484375,503.1000061035156,12193700
2024-04-18,500.8244934082031,501.79998779296875,512.2100219726562,499.0400085449219,499.82000732421875,14808700
2024-04-19,480.1347961425781,481.07000732421875,502.79998779296875,475.7300109863281,502.79998779296875,25111000
2024-04-22,480.79351806640625,481.7300109863281,492.010009765625,473.3999938964844,489.7200012207031,17271100
2024-04-23,495.1355895996094,496.1000061035156,498.760009765625,488.9700012207031,491.25,15079200
2024-04-24,492.5406494140625,493.5,510.0,484.5799865722656,508.05999755859375,37772700
2024-04-25,440.5219421386719,441.3800048828125,445.7699890136719,414.5,421.3999938964844,82890700
2024-04-26,442.4282531738281,443.2900085449219,446.44000244140625,431.9599914550781,441.4599914550781,32691400
2024-04-29,431.7789611816406,432.6199951171875,439.760009765625,428.55999755859375,439.55999755859375,21502600
2024-04-30,429.3337707519531,430.1700134277344,439.6199951171875,429.7200012207031,431.04998779296875,18429500
2024-05-01,438.3362121582031,439.19000244140625,449.9599914550781,427.1099853515625,428.6000061035156,20344900
2024-05-02,440.82135009765625,441.67999267578125,443.9599914550781,432.2799987792969,438.8399963378906,15221300
2024-05-03,451.08135986328125,451.9599914550781,454.1700134277344,443.8500061035156,445.92999267578125,16489100
2024-05-06,464.77471923828125,465.67999267578125,466.1600036621094,453.3399963378906,455.5799865722656,15094600
2024-05-07,467.3297424316406,468.239990234375,471.5299987792969,461.30999755859375,466.2900085449219,13406800
2024-05-08,471.6812438964844,472.6000061035156,475.5799865722656,463.0,463.5,11683900
2024-05-09,474.49578857421875,475.4200134277344,476.0799865722656,467.6300048828125,470.0,9437700
2024-05-10,475.2742614746094,476.20001220703125,477.5,469.6000061035156,477.0899963378906,10750000
2024-05-13,467.1001892089844,468.010009765625,473.3500061035156,462.8500061035156,472.75,14668800
2024-05-14,470.9327392578125,471.8500061035156,472.5400085449219,460.0799865722656,463.3699951171875,10478600
2024-05-15,480.6038818359375,481.5400085449219,482.5,471.20001220703125,474.9800109863281,13100500
2024-05-16,472.31005859375,473.2300109863281,477.69000244140625,472.75,475.0,16608200
2024-05-17,470.99261474609375,471.9100036621094,472.79998779296875,468.4200134277344,470.8299865722656,10807300
2024-05-20,467.9285583496094,468.8399963378906,473.20001220703125,467.0400085449219,469.95001220703125,11745100
2024-05-21,463.72674560546875,464.6300048828125,470.70001220703125,462.2699890136719,467.1199951171875,11742200
2024-05-22,466.8706359863281,467.7799987792969,473.7200012207031,465.6499938964844,467.8699951171875,10078600
2024-05-23,464.87451171875,465.7799987792969,474.3599853515625,461.5400085449219,472.8800048828125,11747900
2024-05-24,477.29034423828125,478.2200012207031,479.8500061035156,466.29998779296875,467.6199951171875,12012300
2024-05-28,478.987060546875,479.9200134277344,480.8599853515625,474.8399963378906,476.5799865722656,10175800
2024-05-29,473.4378356933594,474.3599853515625,479.8500061035156,473.70001220703125,474.6600036621094,9226200
2024-05-30,466.14202880859375,467.04998779296875,471.7300109863281,464.7099914550781,471.6700134277344,10735200
2024-05-31,465.9224853515625,466.8299865722656,469.1199951171875,454.4599914550781,465.79998779296875,16919800
2024-06-03,476.5617370605469,477.489990234375,479.6000061035156,468.239990234375,470.8599853515625,11279400
2024-06-04,476.0627136230469,476.989990234375,478.8900146484375,473.2300109863281,477.0,7088700
2024-06-05,494.09759521484375,495.05999755859375,496.6499938964844,483.9100036621094,484.45001220703125,15690500
2024-06-06,492.8001403808594,493.760009765625,502.82000732421875,490.8900146484375,492.9800109863281,10667300
2024-06-07,492.0016784667969,492.9599914550781,498.9100036621094,490.1700134277344,495.9100036621094,9380700
2024-06-10,501.6229553222656,502.6000061035156,502.6600036621094,493.4100036621094,493.8599853515625,11236900
2024-06-11,506.48345947265625,507.4700012207031,507.6000061035156,498.2699890136719,500.1600036621094,9673700
2024-06-12,507.8507995605469,508.8399963378906,514.010009765625,504.4700012207031,513.989990234375,11983200
2024-06-13,503.1200256347656,504.1000061035156,509.3599853515625,501.3599853515625,505.7099914550781,9954600
2024-06-14,503.67950439453125,504.1600036621094,507.1499938964844,500.75,502.6499938964844,10243300
2024-06-17,506.14715576171875,506.6300048828125,510.75,496.010009765625,501.6700134277344,11266600
2024-06-18,499.0139465332031,499.489990234375,506.0,495.0199890136719,504.55999755859375,13060400
2024-06-20,501.22186279296875,501.70001220703125,503.6700134277344,496.7699890136719,502.0,11801200
2024-06-21,494.3084411621094,494.7799987792969,503.45001220703125,492.3900146484375,503.45001220703125,23130700
2024-06-24,498.43450927734375,498.9100036621094,507.79998779296875,494.2900085449219,499.20001220703125,13525300
2024-06-25,510.1133728027344,510.6000061035156,510.7099914550781,495.5,497.04998779296875,12109800
2024-06-26,512.6309814453125,513.1199951171875,513.8099975585938,504.67999267578125,506.6499938964844,8882300
2024-06-27,519.0648193359375,519.5599975585938,522.8800048828125,513.9000244140625,514.25,10121200
2024-06-28,503.73944091796875,504.2200012207031,521.8800048828125,503.8399963378906,517.1500244140625,15855100
2024-07-01,504.1990051269531,504.67999267578125,506.5799865722656,493.1700134277344,504.95001220703125,10328200
2024-07-02,509.014404296875,509.5,510.5,499.45001220703125,500.760009765625,7739500
2024-07-03,509.4739685058594,509.9599914550781,511.2799987792969,506.0199890136719,506.3699951171875,6005600
2024-07-05,539.3953857421875,539.9099731445312,540.8699951171875,511.6000061035156,511.6000061035156,21354100
2024-07-08,528.8155517578125,529.3200073242188,542.8099975585938,526.6500244140625,542.3499755859375,14917500
2024-07-09,529.494873046875,530.0,537.47998046875,528.1900024414062,533.75,8753200
2024-07-10,534.180419921875,534.6900024414062,538.8800048828125,528.3599853515625,530.7899780273438,10983300
2024-07-11,512.2113647460938,512.7000122070312,535.4600219726562,508.3699951171875,530.8900146484375,16458300
2024-07-12,498.39453125,498.8699951171875,508.0899963378906,494.2300109863281,497.760009765625,19750500
2024-07-15,495.6871337890625,496.1600036621094,506.67999267578125,493.3699951171875,498.6300048828125,12539200
2024-07-16,489.3232116699219,489.7900085449219,503.95001220703125,485.7900085449219,501.5,14075800
2024-07-17,461.5496826171875,461.989990234375,479.1700134277344,459.1199951171875,479.1700134277344,28076600
2024-07-18,475.396484375,475.8500061035156,479.239990234375,464.5400085449219,475.0,19267200
2024-07-19,476.3356018066406,476.7900085449219,486.7099914550781,475.7099914550781,476.05999755859375,15149400
2024-07-22,486.9354553222656,487.3999938964844,492.05999755859375,483.8999938964844,486.5799865722656,12023100
2024-07-23,488.2242431640625,488.69000244140625,495.2200012207031,487.7200012207031,489.8399963378906,9455500
2024-07-24,460.8303527832031,461.2699890136719,476.29998779296875,460.5799865722656,472.30999755859375,17649700
2024-07-25,452.9778747558594,453.4100036621094,463.54998779296875,442.6499938964844,463.260009765625,18240500
2024-07-26,465.25616455078125,465.70001220703125,469.7699890136719,459.4200134277344,464.20001220703125,14222400
2024-07-29,465.2661437988281,465.7099914550781,473.9599914550781,465.0199890136719,469.8800048828125,11339600
2024-07-30,462.74853515625,463.19000244140625,472.7300109863281,456.70001220703125,467.0,11390400
2024-07-31,474.37744140625,474.8299865722656,476.5,466.75,471.0199890136719,24285800
2024-08-01,497.2655944824219,497.739990234375,527.1699829101562,492.1000061035156,521.0,43083100
2024-08-02,487.6747741699219,488.1400146484375,501.1499938964844,476.1499938964844,489.0,24044700
2024-08-05,475.276611328125,475.7300109863281,483.4800109863281,450.79998779296875,451.3500061035156,21396200
2024-08-06,493.61907958984375,494.0899963378906,502.55999755859375,478.6499938964844,479.0,20955000
2024-08-07,488.45404052734375,488.9200134277344,510.1499938964844,486.8599853515625,503.1300048828125,20105300
2024-08-08,509.144287109375,509.6300048828125,509.9599914550781,494.7200012207031,497.5,16156800
2024-08-09,517.2765502929688,517.77001953125,518.3400268554688,505.70001220703125,507.7099914550781,13696600
2024-08-12,515.458251953125,515.9500122070312,518.02001953125,509.1000061035156,516.8599853515625,9767400
2024-08-13,528.0362548828125,528.5399780273438,531.5,518.1500244140625,520.010009765625,13743800
2024-08-14,526.2579956054688,526.760009765625,534.0,523.1300048828125,528.0599975585938,11444200
2024-08-15,536.81787109375,537.3300170898438,539.77001953125,526.7000122070312,531.7899780273438,13482100
2024-08-16,526.9172973632812,527.4199829101562,533.6599731445312,524.6599731445312,531.9000244140625,14776700
2024-08-19,528.7755737304688,529.280029296875,531.6599731445312,522.760009765625,526.8699951171875,9879700
2024-08-20,526.2279663085938,526.72998046875,531.0900268554688,525.8800048828125,528.3499755859375,7944400
2024-08-21,534.64990234375,535.1599731445312,539.4000244140625,526.9299926757812,527.1500244140625,13423300
2024-08-22,531.4230346679688,531.9299926757812,544.22998046875,528.5900268554688,537.0,15708300
2024-08-23,527.4967651367188,528.0,539.8699951171875,525.0599975585938,536.9199829101562,11323900
2024-08-26,520.6233520507812,521.1199951171875,528.0,514.9500122070312,527.5999755859375,9584000
2024-08-27,518.605224609375,519.0999755859375,524.010009765625,515.3099975585938,518.97998046875,6282700
2024-08-28,516.2874755859375,516.780029296875,521.0900268554688,512.4500122070312,517.6699829101562,9106100
2024-08-29,517.72607421875,518.219970703125,527.2000122070312,515.6799926757812,519.0499877929688,8317400
2024-08-30,520.8131713867188,521.3099975585938,523.5399780273438,515.2000122070312,521.3499755859375,9157500
2024-09-03,511.2722473144531,511.760009765625,525.489990234375,508.6199951171875,519.6400146484375,12459100
2024-09-04,512.2512817382812,512.739990234375,516.5900268554688,504.07000732421875,506.07000732421875,8335200
2024-09-05,516.3673706054688,516.8599853515625,521.6300048828125,511.1499938964844,511.7200012207031,8640900
2024-09-06,499.7931823730469,500.2699890136719,524.5800170898438,498.25,521.8800048828125,14744500
2024-09-09,504.30889892578125,504.7900085449219,511.3299865722656,502.0799865722656,506.1600036621094,11047800
2024-09-10,504.30889892578125,504.7900085449219,514.1799926757812,500.0299987792969,508.1600036621094,9899000
2024-09-11,511.3421630859375,511.8299865722656,513.1199951171875,495.6000061035156,507.010009765625,10782500
2024-09-12,525.0990600585938,525.5999755859375,526.7100219726562,515.219970703125,517.0499877929688,11993300
2024-09-13,524.1199951171875,524.6199951171875,527.5800170898438,517.1099853515625,520.3400268554688,10321400
2024-09-16,533.280029296875,533.280029296875,534.0999755859375,517.4000244140625,524.5399780273438,9527600
2024-09-17,536.3200073242188,536.3200073242188,542.0999755859375,530.5700073242188,537.5999755859375,11690800
2024-09-18,537.9500122070312,537.9500122070312,544.2000122070312,533.9000244140625,537.0700073242188,10323500
2024-09-19,559.0999755859375,559.0999755859375,562.0700073242188,546.52001953125,550.0,15647000
2024-09-20,561.3499755859375,561.3499755859375,564.5,556.2999877929688,560.0,22066800
2024-09-23,564.4099731445312,564.4099731445312,573.97998046875,562.4099731445312,569.5,12830700
2024-09-24,563.3300170898438,563.3300170898438,567.75,554.1900024414062,566.6799926757812,12993000
2024-09-25,568.3099975585938,568.3099975585938,576.8800048828125,563.719970703125,564.0499877929688,16543400
2024-09-26,567.8400268554688,567.8400268554688,577.4000244140625,562.3499755859375,575.72998046875,14400800
2024-09-27,567.3599853515625,567.3599853515625,570.8400268554688,564.510009765625,570.0999755859375,9398400
2024-09-30,572.4400024414062,572.4400024414062,574.6799926757812,564.7999877929688,567.7000122070312,12792300
2024-10-01,576.469970703125,576.469970703125,583.0399780273438,570.0999755859375,577.97998046875,15259300
2024-10-02,572.8099975585938,572.8099975585938,576.0,569.3400268554688,574.8599853515625,6524700
2024-10-03,582.77001953125,582.77001953125,583.3599853515625,568.72998046875,570.1500244140625,11581000
2024-10-04,595.9400024414062,595.9400024414062,596.8499755859375,581.4299926757812,583.72998046875,14169500
2024-10-07,584.780029296875,584.780029296875,602.9500122070312,584.0399780273438,598.219970703125,12014200
2024-10-08,592.8900146484375,592.8900146484375,593.5599975585938,585.969970703125,589.6900024414062,7857400
2024-10-09,590.510009765625,590.510009765625,594.3900146484375,581.6099853515625,593.989990234375,9529700
2024-10-10,583.8300170898438,583.8300170898438,590.22998046875,582.52001953125,587.5700073242188,7740400
2024-10-11,589.9500122070312,589.9500122070312,591.2100219726562,582.7100219726562,584.8300170898438,8587100
2024-10-14,590.4199829101562,590.4199829101562,600.0999755859375,589.9600219726562,594.219970703125,8252000
2024-10-15,586.27001953125,586.27001953125,590.6099853515625,580.1400146484375,590.1599731445312,9564200
2024-10-16,576.7899780273438,576.7899780273438,582.0800170898438,574.030029296875,581.4000244140625,11268400
2024-10-17,576.9299926757812,576.9299926757812,584.969970703125,575.2000122070312,583.3300170898438,8701200
2024-10-18,576.469970703125,576.469970703125,583.969970703125,575.25,581.0999755859375,7694300
2024-10-21,575.1599731445312,575.1599731445312,577.239990234375,569.1099853515625,576.030029296875,8171900
2024-10-22,582.010009765625,582.010009765625,583.530029296875,572.1199951171875,574.2899780273438,8544500
2024-10-23,563.6900024414062,563.6900024414062,585.0,562.5,579.969970703125,14248400
2024-10-24,567.780029296875,567.780029296875,568.8800048828125,561.52001953125,567.1300048828125,7184700
2024-10-25,573.25,573.25,581.2899780273438,571.719970703125,573.9299926757812,11337900
2024-10-28,578.1599731445312,578.1599731445312,583.75,574.1199951171875,582.0,10925100
2024-10-29,593.280029296875,593.280029296875,593.6699829101562,575.4000244140625,580.1500244140625,13019100
2024-10-30,591.7999877929688,591.7999877929688,601.2000122070312,589.3800048828125,600.97998046875,26864900
2024-10-31,567.5800170898438,567.5800170898438,589.9000244140625,563.010009765625,585.0,26838400
2024-11-01,567.1599731445312,567.1599731445312,573.6699829101562,562.5599975585938,567.6099853515625,15303200
2024-11-04,560.6799926757812,560.6799926757812,568.6900024414062,557.8900146484375,564.0999755859375,12064600
2024-11-05,572.4299926757812,572.4299926757812,573.47998046875,566.6699829101562,567.2999877929688,9775400
2024-11-06,572.0499877929688,572.0499877929688,573.0,555.1699829101562,562.75,18305400
2024-11-07,591.7000122070312,591.7000122070312,594.7999877929688,575.2100219726562,576.8900146484375,14653700
2024-11-08,589.3400268554688,589.3400268554688,593.0999755859375,584.52001953125,591.5399780273438,9415700
2024-11-11,583.1699829101562,583.1699829101562,587.0,576.510009765625,586.3599853515625,10209100
2024-11-12,584.8200073242188,584.8200073242188,599.6599731445312,580.3800048828125,588.5399780273438,16287700
2024-11-13,580.0,580.0,585.6400146484375,575.1699829101562,582.6099853515625,10757600
2024-11-14,577.1599731445312,577.1599731445312,580.760009765625,573.010009765625,577.0,11053700
2024-11-15,554.0800170898438,554.0800170898438,572.5700073242188,551.5,571.219970703125,17712900
2024-11-18,554.4000244140625,554.4000244140625,559.9000244140625,550.0900268554688,557.0399780273438,14346700
2024-11-19,561.0900268554688,561.0900268554688,561.4299926757812,550.5999755859375,551.8599853515625,9522400
2024-11-20,565.52001953125,565.52001953125,566.3499755859375,554.2000122070312,562.9299926757812,9797300
2024-11-21,563.0900268554688,563.0900268554688,570.0,549.0499877929688,569.52001953125,11154700
2024-11-22,559.1400146484375,559.1400146484375,563.8300170898438,554.5900268554688,563.5499877929688,9164000
2024-11-25,565.1099853515625,565.1099853515625,572.5900268554688,556.3900146484375,562.0999755859375,13599800
2024-11-26,573.5399780273438,573.5399780273438,577.5,565.2000122070312,566.0,10356600
2024-11-27,569.2000122070312,569.2000122070312,574.97998046875,564.0999755859375,574.8900146484375,7200200
2024-11-29,574.3200073242188,574.3200073242188,578.4600219726562,566.9000244140625,569.0,7130500
2024-12-02,592.8300170898438,592.8300170898438,594.5,575.5700073242188,577.5,12522400
2024-12-03,613.6500244140625,613.6500244140625,614.2000122070312,591.25,595.0,14907200
2024-12-04,613.780029296875,613.780029296875,617.780029296875,605.0999755859375,612.9600219726562,14697000
2024-12-05,608.9299926757812,608.9299926757812,619.9000244140625,607.0499877929688,617.0800170898438,8081200
2024-12-06,623.77001953125,623.77001953125,629.7899780273438,608.530029296875,610.0999755859375,16935500
2024-12-09,613.5700073242188,613.5700073242188,626.4000244140625,606.1699829101562,623.9199829101562,11426000
2024-12-10,619.3200073242188,619.3200073242188,625.5900268554688,612.739990234375,617.5599975585938,10938900
2024-12-11,632.6799926757812,632.6799926757812,638.4000244140625,621.530029296875,623.3699951171875,10837200
2024-12-12,630.7899780273438,630.7899780273438,636.6599731445312,627.2100219726562,631.5,7474700
2024-12-13,620.3499755859375,620.3499755859375,631.0800170898438,616.8900146484375,627.219970703125,8443500
